{
    "default": {
        "colours": {
            "normal_bg": "#E0E0E0",
            "hovered_bg": "#BDBDBD",
            "active_bg": "#9E9E9E",
            "normal_text": "#000000",
            "hovered_text": "#212121",
            "active_text": "#FFFFFF",
            "border": "#616161",
            "disabled_bg": "#F5F5F5",
            "disabled_text": "#BDBDBD"
        },
        "misc": {
            "rounded_corners": "5",
            "shadow_enabled": "True",
            "border_width": "2"
        }
    },
    "button": {
        "colours": {
            "normal_bg": "#607D8B",
            "hovered_bg": "#455A64",
            "active_bg": "#37474F",
            "normal_text": "#FFFFFF",
            "hovered_text": "#FFFFFF",
            "active_text": "#FFFFFF",
            "border": "#263238"
        },
        "misc": {
            "rounded_corners": "8",
            "border_width": "2"
        }
    },
    "dropdown": {
        "colours": {
            "normal_bg": "#CFD8DC",
            "hovered_bg": "#B0BEC5",
            "active_bg": "#90A4AE",
            "normal_text": "#000000",
            "hovered_text": "#212121",
            "active_text": "#FFFFFF",
            "border": "#546E7A"
        }
    }
}